,place,src,address,location,canton,event,date,artists,genre,coordinates
0,None,EventsCh,None,Pontresina,GR,Neujahrskonzert,2013-01-03,['Vlad Weverbergh'],orchestral,"(46.4929957, 9.9024964)"
100,None,EventsCh,None,Basel,BS,Orgelspiel-zum-Feierabend,2013-01-11,['Helga Varadi'],orchestral,"(47.5595986, 7.5885761)"
200,None,EventsCh,None,Winterthur,ZH,New-Orleans-Soirée-Liquid-Land,2013-01-17,"['Aurora Nealand', 'Moose Jackson', 'Rob Cambre', 'Justin Peake', 'Christian Weber', 'Simon Berz']",orchestral,"(47.4988196, 8.7236889)"
300,None,EventsCh,None,None,None,Concert-à-la-russe,2013-01-20,"['Alexey Lavrentyev', 'Sergey Mushtakoff', 'Igor Morosow']",orchestral,"(46.6377269, 9.279877)"
400,None,EventsCh,None,Raddestorf,NDS,Winterthur,2013-01-26,['Edmauro de Oira'],,"(52.419677, 8.9157987)"
500,None,EventsCh,None,Lugano,TI,Concerti-Dell'auditorio-2013,2013-02-01,['Raphael Wallfisch'],orchestral,"(46.0036778, 8.951052)"
600,None,EventsCh,None,Basel,BS,Zosch,2013-02-07,['Zosch'],,"(47.5595986, 7.5885761)"
700,None,EventsCh,None,Basel,BS,Tuliaisia-2,2013-02-13,"['Marianne Racine-Granvik', 'Vera Kappeler']",,"(47.5595986, 7.5885761)"
800,None,EventsCh,None,Aarau,AG,The-Pharcyde,2013-02-16,['The Pharcyde'],hip hop,"(47.390434, 8.0457015)"
900,None,EventsCh,None,Basel,BS,Saturnalia-Temple,2013-02-22,"['Saturnalia Temple', 'Attic']",rock,"(47.5595986, 7.5885761)"
1000,None,EventsCh,None,Basel,BS,Basel,2013-02-26,['Lianne La Havas'],r&b and soul,"(47.563699, 7.591577)"
1100,None,EventsCh,None,Bern,BE,Patchwork,2013-03-01,['DJs Gilles Peterson'],,"(46.9479739, 7.4474468)"
1200,None,EventsCh,None,Zürich,ZH,Fuga-und-fantasia,2013-03-05,"['Eveleen Olsen', 'Annette Kappeler', 'Verena Zauner', 'Emanuel Schmelzer']",orchestral,"(47.3768866, 8.541694)"
1300,None,EventsCh,None,Aarburg,AG,Aarburg,2013-03-08,['Rudy Rotta'],rock,"(47.3201994, 7.9071709)"
1400,None,EventsCh,None,Solothurn,SO,Solothurn,2013-03-11,['Stevie Cochran'],,"(47.200528, 7.528306)"
1500,None,EventsCh,None,Basel,BS,Orgelspiel-zum-Feierabend,2013-03-15,['Aurore Baal'],orchestral,"(47.5595986, 7.5885761)"
1600,None,EventsCh,None,None,None,Rockabilly-Party-Show,2013-03-16,['DJ Super Sam'],electronic,"(46.6377269, 9.279877)"
1700,None,EventsCh,None,Basel,BS,Maximilian-Hecker,2013-03-20,['Maximilian Hecker'],folk,"(47.5595986, 7.5885761)"
1800,None,EventsCh,None,Lucerne,LU,Piano-Entertainment-Blue-Soul-&-Me,2013-03-23,['Mark Tenger'],pop,"(47.0501682, 8.3093072)"
1900,None,EventsCh,None,Zürich,ZH,Egyptian-Hip-Hop,2013-03-26,['Egyptian Hip Hop'],hip hop,"(47.3768866, 8.541694)"
2000,None,EventsCh,None,Zürich,ZH,Lucien-Dubuis-Trio,2013-03-29,"['Lucien Dubuis', 'Roman Nowka', 'Lionel Friedli']",,"(47.3768866, 8.541694)"
2100,None,EventsCh,None,Langenthal,BE,Schuler,2013-04-03,"['Luzius Schuler', 'Vincent Ruiz del Portal', 'Jonas Ruther']",,"(47.2120786, 7.7905623)"
2200,None,EventsCh,None,Bern,BE,Banana-Hunters,2013-04-06,"['Renate Scheurer', 'Daminic Montandon', 'Thomas Gasser', 'Micha Held', 'Marcel Jeker', 'Lukas Wiese', 'Christian Dilier', 'Simon Vögeli']",,"(46.9479739, 7.4474468)"
2300,None,EventsCh,None,None,None,Roger-Glaus-Trio,2013-04-10,"['Roger Glaus', 'Sandro Heule', 'Mario Söldi']",,"(46.6377269, 9.279877)"
2400,None,EventsCh,None,Winterthur,ZH,The-Outer-String-Quartet-,2013-04-12,"['Werner Hasler', 'Katryn Hasler', 'Carlo Niederhauser', 'Julian Sartorius']",,"(47.4988196, 8.7236889)"
2500,None,EventsCh,None,Stans,NW,Stanser-Musiktage,2013-04-14,"['Helena Rüegg', 'Michel Godard', 'Quique Sinesi']",orchestral,"(46.9571926, 8.3659672)"
2600,None,EventsCh,None,Basel,BS,Donat-Fisch-Quartet,2013-04-18,"['Donat Fisch', 'Andy Scherrer', 'Bänz Oester', 'Norbert Pfammatter']",,"(47.5595986, 7.5885761)"
2700,None,EventsCh,None,Bern,BE,Internationales-Jazzfestival-Bern,2013-04-20,"[""Monty Alexander's Triple Treat"", 'Monty Alexander', 'Russell Malone', 'Hassan Shakur', 'Frits Landesbergen']",jazz,"(46.9479739, 7.4474468)"
2800,None,EventsCh,None,Zürich,ZH,Chuck-Prophet,2013-04-22,['Chuck Prophet'],rock,"(47.3768866, 8.541694)"
2900,None,EventsCh,None,Basel,BS,Alfatec,2013-04-25,['Alfatec'],rock,"(47.5595986, 7.5885761)"
3000,None,EventsCh,None,Basel,BS,That's-It,2013-04-27,"['DJs Dot', 'D-Fyne']",,"(47.5595986, 7.5885761)"
3100,None,EventsCh,None,Zürich,ZH,Chris-Ayer,2013-05-02,"['Chris Ayer', 'Matt Simons']",unknown,"(47.3768866, 8.541694)"
3200,None,EventsCh,None,None,None,Jamsound-Connection,2013-05-04,"['Heartical Sound', 'Asher Selector', 'Little Lion Sound & Agent N', 'Prince Keman', 'Supanova Sound']",,"(46.6377269, 9.279877)"
3300,None,EventsCh,None,Zürich,ZH,Orientpearl,2013-05-08,['DJs Burak Yeter'],,"(47.3768866, 8.541694)"
3400,None,EventsCh,None,Zürich,ZH,Zürich,2013-05-11,"['Jay Messerli', 'Michi Finger', 'Luk Kipfer', 'Rease Nydegger', 'Raly Scheuing', 'Dominik Grossenbacher']",,"(47.3794699, 8.5271978)"
3500,None,EventsCh,None,Zürich,ZH,Thursday-Night-Jazz,2013-05-16,"['Rebecca Spiteri', 'Jürg Ramspeck', 'Joel Reiff', 'Rolf Lyssy']",,"(47.3768866, 8.541694)"
3600,None,EventsCh,None,Zürich,ZH,Ari,2013-05-18,"['Aaron Wegmann', 'Seraphim von Werra']",pop,"(47.3768866, 8.541694)"
3700,None,EventsCh,None,Bern,BE,Internationales-Jazzfestival-Bern,2013-05-23,"[""Dave Samuels' Caribbean Jazz Project"", 'Dave Samuels', 'Oscar Feldman', 'Ruben Rodriguez', 'Vince Cherico', 'Arturo Stable']",latin,"(46.9479739, 7.4474468)"
3800,None,EventsCh,None,Lucerne,LU,Weak-Fishes,2013-05-25,['Weak Fishes'],,"(47.0501682, 8.3093072)"
3900,None,EventsCh,None,Lucerne,LU,Blue-Soul-&-Me,2013-05-29,['Mark Tenger'],pop,"(47.0501682, 8.3093072)"
4000,None,EventsCh,None,Zürich,ZH,Outside-In-Music-Festival,2013-06-01,['Orchestre Miniature In The Park'],pop,"(47.3768866, 8.541694)"
4100,None,EventsCh,None,Lucerne,LU,Kammerkonzert-Four-Pieces,2013-06-06,"['Daniela Müller', 'Petra Ackermann', 'Martin Jaggi', 'Tamriko Kordzaia']",orchestral,"(47.0501682, 8.3093072)"
4200,None,EventsCh,None,Rapperswil-Jona,SG,Musik-im-Schloss-VI,2013-06-09,['Goran Kovacevic'],orchestral,"(47.2266239, 8.8184374)"
4300,None,EventsCh,None,Basel,BS,Masterrezital,2013-06-13,['Arend Grosfeld'],orchestral,"(47.5595986, 7.5885761)"
4400,None,EventsCh,None,Zürich,ZH,The-Universe-of-Love,2013-06-16,"['Thomas Koran', 'Natascha Albash']",pop,"(47.3768866, 8.541694)"
4500,None,EventsCh,None,Schönenbuch,BL,Primavera-d'amore,2013-06-21,"['Sharon Prushansky', 'Kate Macoboy', 'Jasmina Matijevic', 'Emanuel Heitz', 'Jedediah Allen']",orchestral,"(47.5372246, 7.5020252)"
4600,None,EventsCh,None,Zürich,ZH,Patchwork,2013-06-26,"['Fabian Heynen', 'Stefan Pavelka', 'Mathias Harter', 'Felix Kübler', 'Daniel Disler']",pop,"(47.3768866, 8.541694)"
4700,None,EventsCh,None,Weinfelden,TG,Donauwellen-ein-Sommerkonzert,2013-06-30,"['Katharina Kühne', 'Rudolf Bamert', 'Eiko Furusawa', 'Michel Rouilly']",orchestral,"(47.5660299, 9.1084456)"
4800,None,EventsCh,None,Lucerne,LU,Spectacular-Classics,2013-07-06,"['Manuel Blanco Gómez-Limón', 'Michael Erni']",orchestral,"(47.0501682, 8.3093072)"
4900,None,EventsCh,None,Zürich,ZH,Get-Well-Soon,2013-07-12,['Get Well Soon'],pop,"(47.3768866, 8.541694)"
5000,None,EventsCh,None,Zürich,ZH,Zürich,2013-07-17,['Nena'],pop,"(47.3752136, 8.5767523)"
5100,None,EventsCh,None,Zürich,ZH,Zürich,2013-07-21,['Gianna Nannini'],pop,"(47.3752136, 8.5767523)"
5200,None,EventsCh,None,Paleo,GA,Nyon,2013-07-28,"['Patrick Bruel', 'Raphael', 'Rokia Traoré', 'Michael Gregorio', 'Shantel & Bucovina Club Orkestar', 'Boulevard Des Airs', 'Barcella', 'Mai Lan', 'Deba', 'Mounawar', 'Menwar']",r&b and soul,"(43.2256401, -8.3525459)"
5300,None,EventsCh,None,Zürich,ZH,Zürich,2013-08-04,['Slayer'],rock,"(47.387316, 8.499864)"
5400,None,EventsCh,None,Basel,BS,Altstadt-Serenaden,2013-08-14,"['Maren Böll', 'Peter Dahm', 'Jan Grüter']",orchestral,"(47.5595986, 7.5885761)"
5500,None,EventsCh,None,None,None,Music-for-a-While,2013-08-18,"['Beatrice Voellmy', 'Alexander Seidel']",orchestral,"(46.6377269, 9.279877)"
5600,None,EventsCh,None,None,None,Gemelli-Diversi,2013-08-24,['Gemelli Diversi'],pop,"(46.6377269, 9.279877)"
5700,None,EventsCh,None,Nesslau-Krummenau,SG,Renaissancekonzert,2013-08-31,['Alexander Seidel'],orchestral,"(47.22978, 9.19435)"
5800,None,EventsCh,None,Lucerne,LU,Lucerne-Festival,2013-09-06,['Carolin Widmann'],orchestral,"(47.0501682, 8.3093072)"
5900,None,EventsCh,None,Lucerne,LU,Lucerne-Festival,2013-09-09,"['Yeree Suh', 'Attila Fekete']",orchestral,"(47.0501682, 8.3093072)"
6000,None,EventsCh,None,Lausanne,VD,Orphan-Fairytale,2013-09-13,"['Orphan Fairytale', 'Indias Indois']",country,"(46.5196535, 6.6322734)"
6100,None,EventsCh,None,Zürich,ZH,Schoolly-D,2013-09-17,"['Schoolly D', 'Doodlebug', 'DJs Haitian Star']",electronic,"(47.3768866, 8.541694)"
6200,None,EventsCh,None,Basel,BS,Tropical-Night-around-Africa,2013-09-20,['DJ Deivi'],,"(47.5595986, 7.5885761)"
6300,None,EventsCh,None,Winterthur,ZH,Kammermusikakademie-2013,2013-09-24,"['Fabio Di Càsola', 'Giorgio Mandolesi']",orchestral,"(47.4988196, 8.7236889)"
6400,None,EventsCh,None,Thônex,GE,Asaf-Avidan,2013-09-27,['Asaf Avidan'],rock,"(46.1928374, 6.202767)"
6500,None,EventsCh,None,Zürich,ZH,Rainald-Grebe,2013-10-01,['Rainald Grebe'],,"(47.3768866, 8.541694)"
6600,None,EventsCh,None,Zürich,ZH,Ich-gönne-dir-diese-Musik-nicht,2013-10-04,"['Simone Keller', 'Rea Claudia Kost', 'Niklaus Kost']",orchestral,"(47.3768866, 8.541694)"
6700,None,EventsCh,None,Zürich,ZH,Sepulchral-Doom-Over-Switzerland,2013-10-07,"['Necros Christos', 'Grave Miasma']",rock,"(47.3768866, 8.541694)"
6800,None,EventsCh,None,Winterthur,ZH,Kvelertak,2013-10-11,"['Kvelertak', 'Arabrot', 'Gerilja']",rock,"(47.4988196, 8.7236889)"
6900,None,EventsCh,None,Zürich,ZH,Lunchkonzert-Hommage-à-Saint-Saëns,2013-10-14,"['Andrea Kollé', 'Samuel Castro Bastos', 'Heinrich Mätzener', 'Tomas Gallart', 'Elisabeth Göring', 'Alexander Boeschoten']",orchestral,"(47.3768866, 8.541694)"
7000,None,EventsCh,None,Zürich,ZH,Irie-Révoltés,2013-10-18,"['Irie Révoltés', 'Yza Ya']",caribbean and caribbean-influenced,"(47.3768866, 8.541694)"
7100,None,EventsCh,None,Laufen,BL,Jazz-Matinee,2013-10-20,"['Peter Gottstein', 'Erich Möschler', 'Kurt Schlup', 'Werner Siegenthaler', 'Urs Brunner', 'Erwin Bieri']",,"(47.4204213, 7.5004874)"
7200,None,EventsCh,None,Düdingen,FR,Sebadoh,2013-10-23,['Sebadoh'],rock,"(46.8464198, 7.1910179)"
7300,None,EventsCh,None,Basel,BS,Trio-Räss,2013-10-25,"['Erich Fischer', 'Hannes Giger', 'Belisa Mang']",rock,"(47.5595986, 7.5885761)"
7400,None,EventsCh,None,Köniz,BE,Mich-Gerber-feat.-Al-Comet,2013-10-27,"['Mich Gerber', 'Al Comet', 'Andi Pupato', 'Wolfgang Zwiauer']",hip hop,"(46.925634, 7.4167206)"
7500,None,EventsCh,None,Zürich,ZH,Zürich,2013-10-31,['David Sanborn & Bob James Group feat. Steve Gadd'],,"(47.374774, 8.5346811)"
7600,None,EventsCh,None,None,LU,Brugglyn-Blue,2013-11-01,"['Werner Ammann', 'Warwick Richard', 'Matt Graf']",,"(47.063367, 8.2797341)"
7700,None,EventsCh,None,Zürich,ZH,CulturEscapes,2013-11-03,"['Damir Imamovic Sevdah Takht', 'Damir Imamovic', 'Nenad Kovacic', 'Ivan Mihajlovic']",electronic,"(47.3768866, 8.541694)"
7800,None,EventsCh,None,None,None,Elyas-Khan,2013-11-07,['Elyas Khan'],,"(46.6377269, 9.279877)"
7900,None,EventsCh,None,Bern,BE,Breakdown-Of-Sanity,2013-11-09,['Breakdown Of Sanity'],rock,"(46.9479739, 7.4474468)"
8000,None,EventsCh,None,None,None,Deez-Nuts,2013-11-11,"['Deez Nuts', 'Stray From The Path', 'Heart In Hand', 'Relentless']",rock,"(46.6377269, 9.279877)"
8100,None,EventsCh,None,Basel,BS,Al-Pride,2013-11-14,"['Nico Schulthess', 'Astrid Fuellemann', 'Luk Schulthess', 'Lukas Schlumpf', 'Nicolas Struchen']",pop,"(47.5595986, 7.5885761)"
8200,None,EventsCh,None,Zürich,ZH,Zephyr-Combo,2013-11-16,"['Zéphyr Combo', 'Geert Dedapper', 'Esther Nydegger', 'Ali Salvioni', 'Fridolin Blumer']",pop,"(47.3768866, 8.541694)"
8300,None,EventsCh,None,Herzogenbuchsee,BE,Bolschoi-Don-Kosakenchor,2013-11-20,['Bolschoi Don Kosakenchor'],,"(47.189468, 7.7077698)"
8400,None,EventsCh,None,Basel,BS,CulturEscapes,2013-11-22,['Dubioza Kolektiv'],caribbean and caribbean-influenced,"(47.5595986, 7.5885761)"
8500,None,EventsCh,None,Zürich,ZH,Luke-Winslow-King,2013-11-24,['Luke Winslow King'],country,"(47.3768866, 8.541694)"
8600,None,EventsCh,None,Winterthur,ZH,Kaos-Protokoll,2013-11-28,"['Marc Stucki', 'Benedikt Wieland', 'Flo Reichle']",,"(47.4988196, 8.7236889)"
8700,None,EventsCh,None,Lucerne,LU,Penguins-By-Choice,2013-11-30,['Penguins By Choice'],,"(47.0501682, 8.3093072)"
8800,None,EventsCh,None,Basel,BS,Mimiko-Ohne-Noten-mit-Beggeschmutz,2013-12-04,['Urs Höchle'],orchestral,"(47.5595986, 7.5885761)"
8900,None,EventsCh,None,Düdingen,FR,Tar-Queen,2013-12-06,['Tar Queen'],,"(46.8464198, 7.1910179)"
9000,None,EventsCh,None,Winterthur,ZH,Weihnächtliches-musikalisches-Bankett,2013-12-08,"['Elisabeth Waldmeier', 'Dieter Hubov']",orchestral,"(47.4988196, 8.7236889)"
9100,None,EventsCh,None,Aarau,AG,Adventskonzert-Der-Stern-von-Bethlehem,2013-12-12,"['Seraina Perrenoud', 'Jeanne Roth', 'Ernst Buscagne']",orchestral,"(47.390434, 8.0457015)"
9200,None,EventsCh,None,Sursee,LU,Stahlmann,2013-12-14,['Stahlmann'],rock,"(47.1714819, 8.1111312)"
9300,None,EventsCh,None,Bern,BE,Tuesday-Jam,2013-12-17,"['Daniel Woodtli', 'Oli Kuster', 'Philipp Moll', 'Fred Bürki']",,"(46.9479739, 7.4474468)"
9400,None,EventsCh,None,Burgdorf,BE,To-Go-Blues-and-More,2013-12-21,"['Lukas Fässler', 'Ralf Norgel', 'Marco Andrey', 'Marcel Riesen', 'Dominic Hauser']",,"(47.0559357, 7.6272243)"
9500,None,EventsCh,None,Zürich,ZH,Opera-Box-L'île-de-Tulipatan-&-Monsieur-Choufleury,2013-12-29,"['Andrea Suter', 'Chelsey Schill', 'Maja Hermann', 'Raimund Wiederkehr', 'Erich Bieri']",orchestral,"(47.3768866, 8.541694)"
9600,None,EventsCh,None,Zürich,ZH,Manuel-Delago,2014-01-07,"['Manuel Delago', 'Manuel Delago', 'Isa Kurz', 'Philipp Moll', 'Chris Norz']",,"(47.3768866, 8.541694)"
9700,None,EventsCh,None,Wetzikon,ZH,Christina-Martin,2014-01-11,['Christina Martin'],pop,"(47.3270602, 8.801356)"
9800,None,EventsCh,None,Lucerne,LU,Jam-Session,2014-01-16,['Richard Decker'],rock,"(47.0501682, 8.3093072)"
9900,None,EventsCh,None,Basel,BS,Jam-Session,2014-01-20,"['Ben Zahler', 'Annika Francke', 'Markus Schmied', 'Pau Lligadas', 'Florian Krause']",,"(47.5595986, 7.5885761)"
10000,None,EventsCh,None,Liestal,BL,Omri-Hason-Modus-Quartet,2014-01-24,"['Antonello Messina', 'Wege Wüthrich', 'Lorenz Beyeler', 'Omri Hason']",,"(47.4866143, 7.7334272)"
10100,None,EventsCh,None,Zürich,ZH,Dream-Theater,2014-01-27,['Dream Theater'],rock,"(47.3768866, 8.541694)"
10200,None,EventsCh,None,None,None,Vaduzer-Konzerte,2014-01-31,['Vilde Frang'],orchestral,"(46.6377269, 9.279877)"
10300,None,EventsCh,None,Zürich,ZH,Defeater,2014-02-03,['Defeater'],rock,"(47.3768866, 8.541694)"
10400,None,EventsCh,None,Lausanne,VD,Church-Of-Misery,2014-02-07,['Church Of Misery'],rock,"(46.5196535, 6.6322734)"
10500,None,EventsCh,None,Bern,BE,Klima-Kalima-feat.-Andreas-Schaerer,2014-02-12,"['Kalle Kalima', 'Andreas Schaerer', 'Or Potratz', 'Or Steidle']",,"(46.9479739, 7.4474468)"
10600,None,EventsCh,None,Zürich,ZH,Andrea-Manzoni-Trio,2014-02-15,"['Andrea Manzoni Trio', 'Andrea Manzoni', 'Luca Curcio', 'Andrea Beccaro']",pop,"(47.3768866, 8.541694)"
10700,None,EventsCh,None,Zürich,ZH,Internationales-Country-Music-Festival,2014-02-20,['Jo-El Sonnier & T. Graham Brown & Band'],,"(47.3768866, 8.541694)"
10800,None,EventsCh,None,Rorschach,SG,El-bachatazo-carnaval,2014-02-22,"['DJs Nando', ""Da'le""]",,"(47.4788825, 9.4916808)"
10900,None,EventsCh,None,Zürich,ZH,Konzert,2014-02-27,"['Sabine Poyé Morel', 'Simon Fuchs', 'Michael Reid', 'Matthias Rácz', 'Philippe Litzler']",orchestral,"(47.3768866, 8.541694)"
11000,None,EventsCh,None,Zürich,ZH,Darkside,2014-03-01,"['Darkside', 'Nicolas Jaar', 'Dave Harrington']",electronic,"(47.3768866, 8.541694)"
11100,None,EventsCh,None,Winterthur,ZH,Ein-Haydn-Spass,2014-03-06,['Cäcilia Chmel'],orchestral,"(47.4988196, 8.7236889)"
11200,None,EventsCh,None,Thun,BE,Angélique-Kidjo,2014-03-08,['Angélique Kidjo'],rock,"(46.7579868, 7.6279881)"
11300,None,EventsCh,None,Zürich,ZH,The-Exploding-Boy,2014-03-13,['The Exploding Boy'],rock,"(47.3768866, 8.541694)"
11400,None,EventsCh,None,Richterswil,ZH,Musique-en-route,2014-03-15,"['Ronny Spiegel', 'Tom Tafel', 'Kanna', 'Stefanie Hess', 'Ariel Rossi']",pop,"(47.2053892, 8.7070691)"
11500,None,EventsCh,None,Basel,BS,Zum-250.-Todesjahr-von-J.-P.-Rameau,2014-03-18,"['Ildikó Sajgó', 'Amélie Chemin', 'Cécile Mansuy']",orchestral,"(47.5595986, 7.5885761)"
11600,None,EventsCh,None,Zürich,ZH,Keller-Von-Orelli-Suter,2014-03-21,['The Gate'],rock,"(47.3768866, 8.541694)"
11700,None,EventsCh,None,Zürich,ZH,Yung-Lean-&-The-Sad-Boys,2014-03-23,['Yung Lean & The Sad Boys'],,"(47.3768866, 8.541694)"
11800,None,EventsCh,None,Lucerne,LU,Honky-Tonk-Festival,2014-03-28,['Lilly Martin'],,"(47.0501682, 8.3093072)"
11900,None,EventsCh,None,Winterthur,ZH,Vivid-Curls,2014-03-30,"['Irene Schindele', 'Inka Kuchler']",,"(47.4988196, 8.7236889)"
12000,None,EventsCh,None,Baden,AG,Los-Banditos,2014-04-04,['Los Banditos'],hip hop,"(47.47288, 8.30809)"
12100,None,EventsCh,None,Bourg-en-Lavaux,VD,Cully-Jazz,2014-04-08,"['David Murray Infinity Quartet feat. Saul Williams', 'David Murray', 'Saul Williams', 'Rod Williams', 'Jaribu Shahid', 'Nasheet Waits']",jazz,"(46.4895985, 6.7290888)"
12200,None,EventsCh,None,Zermatt,VS,Zermatt-Unplugged,2014-04-12,['Band of Horses'],pop,"(46.0207133, 7.749117)"
12300,None,EventsCh,None,Zürich,ZH,A-Cyclothymia-of-Songs,2014-04-22,"['Lander Gyselinck', 'Corinne Huber', 'Franziska Bruecker']",pop,"(47.3768866, 8.541694)"
12400,None,EventsCh,None,Zürich,ZH,Loco-Escrito,2014-04-25,['Loco Escrito'],,"(47.3768866, 8.541694)"
12500,None,EventsCh,None,Basel,BS,Jazzfestival-Basel,2014-04-29,"['Wolfgang Dauner', 'Dieter Ilg', 'Flo Dauner']",rock,"(47.5595986, 7.5885761)"
12600,None,EventsCh,None,Winterthur,ZH,The-Bare-Tunes,2014-05-02,"['Mace Mitchell', 'Tsering Purtag']",,"(47.4988196, 8.7236889)"
12700,None,EventsCh,None,Zürich,ZH,Konzert,2014-05-05,"['Maki Wiederkehr', 'Daniel Meller', 'Flurin Cuonz']",orchestral,"(47.3768866, 8.541694)"
12800,None,EventsCh,None,Basel,BS,Benefiz-Konzert-Klavierrezital,2014-05-09,['Josiane Kneuss'],orchestral,"(47.5595986, 7.5885761)"
12900,None,EventsCh,None,Basel,BS,El-calderón-afrolatino,2014-05-11,"['Alcides Toirac', 'Amik Guerra', 'Ohlê Gagneux', 'Jorge-Luís Gonzalez', 'Leonardo Salazar', 'Sebastien Gagneux', 'Lizandro Paredes', 'Jorge Leysan Demestre']",,"(47.5595986, 7.5885761)"
13000,None,EventsCh,None,Zürich,ZH,Dan-Wilde,2014-05-15,"['Dan Wilde', 'Tom Copson']",rock,"(47.3768866, 8.541694)"
13100,None,EventsCh,None,Zürich,ZH,Katharina-Busch,2014-05-17,"['Katharina Busch', 'Katharina Busch', 'Levin Deger', 'Thomas Hauser', 'Andre Bader']",pop,"(47.3768866, 8.541694)"
13200,None,EventsCh,None,Bern,BE,The-Creepshow,2014-05-20,['The Creepshow'],rock,"(46.9479739, 7.4474468)"
13300,None,EventsCh,None,Zürich,ZH,Frantz'-Joyce,2014-05-23,"['Peter K Frey', 'Jürg Gasser', 'Alex Huber', 'Jonas Labhart', 'Christian Weber']",electronic,"(47.3768866, 8.541694)"
13400,None,EventsCh,None,Zürich,ZH,Bernhoft,2014-05-25,['Bernhoft'],rock,"(47.3768866, 8.541694)"
13500,None,EventsCh,None,Therwil,BL,Europäisches-Jugendchor-Festival-Basel,2014-05-30,['Jugendchor Hamrahilö'],orchestral,"(47.4990611, 7.5532808)"
13600,None,EventsCh,None,Zürich,ZH,The-Natural-Dub-Cluster,2014-06-03,['The Natural Dub Cluster'],electronic,"(47.3768866, 8.541694)"
13700,None,EventsCh,None,Wädenswil,ZH,Les-Soeurs-Boulay,2014-06-06,['Les Soeurs Boulay'],folk,"(47.2296871, 8.6718189)"
13800,None,EventsCh,None,Basel,BS,Mittagskonzert,2014-06-11,['Csongor Szanto'],orchestral,"(47.5595986, 7.5885761)"
13900,None,EventsCh,None,None,None,Festi'neuch,2014-06-14,"['Snoop Dogg', 'Woodkid', 'Kery James', 'Thomas Azier', 'Carbon Airways', 'Mark Berube', 'After-Party mit Greem', 'Feadz']",pop,"(46.6377269, 9.279877)"
14000,None,EventsCh,None,Feuerthalen,ZH,Session-Club-Dimitri,2014-06-19,"[""Y'urs""]",pop,"(47.6885343, 8.6497285)"
14100,None,EventsCh,None,Zürich,ZH,Festspiele-Zürich-Kammermusik-Tag,2014-06-22,"['Andreas Janke', 'Peter McGuire', 'Katja Fuchs', 'Ewa Grzywna-Groblewska']",orchestral,"(47.3768866, 8.541694)"
14200,None,EventsCh,None,Baden,AG,Tune-Up,2014-06-27,"['Marc Reinhard', 'Sigi Nikitscher']",,"(47.47288, 8.30809)"
14300,None,EventsCh,None,Basel,BS,Zlang-Zlut,2014-07-03,"['Beat Schneider', 'Fran Lorkovic']",,"(47.5595986, 7.5885761)"
14400,None,EventsCh,None,Montreux,VD,Montreux-Jazz-Festival,2014-07-09,"['Goldfrapp', 'London Grammar']",pop,"(46.4312213, 6.9106799)"
14500,None,EventsCh,None,Montreux,VD,Montreux-Jazz-Festival,2014-07-15,"['Mavis Staples', 'Van Morrison']",r&b and soul,"(46.4312213, 6.9106799)"
14600,None,EventsCh,None,Basel,BS,20-Jahre-Bird's-Eye-Club,2014-07-20,"['Alex Hendriksen Quartet', 'Christoph Ràcz']",,"(47.5595986, 7.5885761)"
14700,None,EventsCh,None,Nyon,VD,Paléo-Festival,2014-07-25,"['Crew Peligrosos', 'Palenke Soultribe', 'Family Atlantica', 'Dorotop DJ Set']",rock,"(46.3832683, 6.2347852)"
14800,None,EventsCh,None,Zürich,ZH,Hooverphonic,2014-07-30,['Hooverphonic'],electronic,"(47.3768866, 8.541694)"
14900,None,EventsCh,None,St Moritz,GR,Festival-da-Jazz,2014-08-06,"['Mario Biondi', 'Mario Biondi', 'Claudio Filippini', 'Tommaso Scannapieco', 'Lorenzo Tucci']",r&b and soul,"(46.4907973, 9.8355079)"
15000,None,EventsCh,None,Zürich,ZH,Jenny-Chi,2014-08-13,"['Jenny Chi', 'André Siqueira', 'Thomas Silvestri', 'Ralph Sonderegger', 'Mauro Martins']",,"(47.3768866, 8.541694)"
15100,None,EventsCh,None,Winterthur,ZH,Winterthurer-Musikfestwochen,2014-08-19,['5 In Love'],jazz,"(47.4988196, 8.7236889)"
15200,None,EventsCh,None,Zürich,ZH,Sukarma,2014-08-24,['Sukarma'],,"(47.3768866, 8.541694)"
15300,None,EventsCh,None,Lucerne,LU,Alte-Musik-1,2014-08-30,"['Valer Sabadus', 'Axel Wolf']",orchestral,"(47.0501682, 8.3093072)"
15400,None,EventsCh,None,Basel,BS,Orgelspiel-zum-Feierabend,2014-09-05,['Max Sonnleitner'],orchestral,"(47.5595986, 7.5885761)"
15500,None,EventsCh,None,Winterthur,ZH,Hell-on-Earth-Tour,2014-09-08,"['Unearth', 'Shadows Fall', 'The Acacia Strain', 'War of Ages']",rock,"(47.4988196, 8.7236889)"
15600,None,EventsCh,None,Lucerne,LU,Piano-Entertainment,2014-09-13,['Mark Tenger'],pop,"(47.0501682, 8.3093072)"
15700,None,EventsCh,None,Zug,ZG,Akkordeon-Festival-Zug,2014-09-17,"['Chamito', 'Esteban ""Chamito"" Reyes', 'Arnaud Surrel', 'Luis Cruz', 'Diadji Seydi']",rock,"(47.1661672, 8.5154946)"
15800,None,EventsCh,None,None,None,Abokonzert,2014-09-20,['Stella Doufexis'],orchestral,"(46.6377269, 9.279877)"
15900,None,EventsCh,None,Aarau,AG,Symphoniekonzert-Pathétique,2014-09-23,['Nicolas Altstaedt'],r&b and soul,"(47.390434, 8.0457015)"
16000,None,EventsCh,None,Zürich,ZH,Eichenberger-Widmer-Zimmerlin,2014-09-26,"['Markus Eichenberger', 'Jacques Widmer', 'Alfred Zimmerlin']",,"(47.3768866, 8.541694)"
16100,None,EventsCh,None,Frenkendorf,BL,Barocknacht,2014-09-28,"['Regula Konrad', 'Pamina Blum', 'Eriko Wakita']",orchestral,"(47.5035123, 7.7131296)"
16200,None,EventsCh,None,Basel,BS,Salsa-All-Styles,2014-10-02,['20-21 Uhr Tanzkurs Bailar Casino'],,"(47.5595986, 7.5885761)"
16300,None,EventsCh,None,Lucerne,LU,Eduardo-Machado-Quintet,2014-10-05,"['Eduardo Machado', 'Beto Sápio', 'Gil Reis', 'Vinícius Melo', 'Alexandre Cunha']",unknown,"(47.0501682, 8.3093072)"
16400,None,EventsCh,None,Aarau,AG,Einar-Stray-Orchestra,2014-10-10,['Einar Stray Orchestra'],pop,"(47.390434, 8.0457015)"
16500,None,EventsCh,None,Zürich,ZH,Egopusher,2014-10-14,"['Tobias Preisig', 'Alessandro Giannelli']",,"(47.3768866, 8.541694)"
16600,None,EventsCh,None,Bern,BE,Dillon,2014-10-17,['Dillon'],electronic,"(46.9479739, 7.4474468)"
16700,None,EventsCh,None,Zürich,ZH,Gilberto-Gil,2014-10-21,['Gilberto Gil'],latin,"(47.3768866, 8.541694)"
16800,None,EventsCh,None,Basel,BS,Garlands,2014-10-24,"['Rahel Binetti', 'Fabian Kristmann', 'Bernhard Affolter']",orchestral,"(47.5595986, 7.5885761)"
16900,None,EventsCh,None,Zürich,ZH,Konzert,2014-10-26,"['Katharina Weissenbacher', 'Dimitri Ashkenazy', 'Katia Braunschweiler']",orchestral,"(47.3768866, 8.541694)"
17000,None,EventsCh,None,Zürich,ZH,Lunchkonzert,2014-10-30,"['Haika Lübcke', 'Isaac Duarte', 'Felix-Andreas Genner', 'Hans Agreda', 'Mischa Greull', 'Seung-Yeun Huh']",orchestral,"(47.3768866, 8.541694)"
17100,None,EventsCh,None,Aarau,AG,Worldly-Savages,2014-10-31,['Worldly Savages'],,"(47.390434, 8.0457015)"
17200,None,EventsCh,None,Bern,BE,Barbez,2014-11-02,['Barbez'],rock,"(46.9479739, 7.4474468)"
17300,None,EventsCh,None,Zürich,ZH,The-Place-Waves-Reach-With-Their-Hands,2014-11-06,"['Stephanie Pfeffer', 'Rupert Charlesworth', 'Jonathan Sells', 'Edward Rushton']",orchestral,"(47.3768866, 8.541694)"
17400,None,EventsCh,None,Basel,BS,Dieter-Thomas-Kuhn-&-Band,2014-11-08,['Dieter Thomas Kuhn & Band'],,"(47.5595986, 7.5885761)"
17500,None,EventsCh,None,Pratteln,BL,Michael-Schenker,2014-11-11,['Michael Schenker'],rock,"(47.5183198, 7.6919889)"
17600,None,EventsCh,None,Zürich,ZH,Letzte-Instanz,2014-11-14,"['Letzte Instanz', 'Darkhaus']",rock,"(47.3768866, 8.541694)"
17700,None,EventsCh,None,Zürich,ZH,Tage-für-Neue-Musik,2014-11-16,"['Boglárka Pecze', 'Eva Boesch', 'Sun-Young Nam']",orchestral,"(47.3768866, 8.541694)"
17800,None,EventsCh,None,Basel,BS,John-Scofield-&-Medesky-Martin-Wood,2014-11-19,"['John Scofield & Medesky-Martin-Wood', 'John Scofield', 'John Medeski', 'Chris Wood', 'Billy Martin']",jazz,"(47.5595986, 7.5885761)"
17900,None,EventsCh,None,Bern,BE,Afrique-m'bi-fé,2014-11-21,"['Yoro Massa', 'Djam Rekk Sound DJ-Kollektiv']",,"(46.9479739, 7.4474468)"
18000,None,EventsCh,None,Baden,AG,Christy-Doran's-New-Bag,2014-11-24,"['Sarah Buechi', 'Vincent Membrez', 'Christy Doran', 'Lionel Friedli']",,"(47.47288, 8.30809)"
18100,None,EventsCh,None,Zürich,ZH,Deafkid,2014-11-27,['Deafkid'],pop,"(47.3768866, 8.541694)"
18200,None,EventsCh,None,Baden,AG,D'accordeon,2014-11-29,"['Peter Meier', 'Gen Wüst', 'Roland Sauter', 'Jürg Käser', 'Walter Hotz', 'René Tanner']",,"(47.47288, 8.30809)"
18300,None,EventsCh,None,Basel,BS,Noël-Festliche-Barockmusik,2014-12-02,"['R', 'Julia Bauer', 'Alek Fester', 'Julia Marion', 'Junko Takayama', 'Alexandra Ivanova']",orchestral,"(47.5595986, 7.5885761)"
18400,None,EventsCh,None,Zürich,ZH,Adventskonzert-Weihnachtsoratorium,2014-12-05,"['Annette Labusch', 'Daniel Bentz', 'Sascha Litschi']",orchestral,"(47.3768866, 8.541694)"
18500,None,EventsCh,None,Basel,BS,Festival-Giacinto-Scelsi-2015,2014-12-08,"['Andreas Liebig', 'Michiko Hirayama', '', 'Kornelia Bruggman']",orchestral,"(47.5595986, 7.5885761)"
18600,None,EventsCh,None,None,None,Stiller-Has,2014-12-12,"['Endo Anaconda', 'Schifer Schafer', 'Salome Buser', 'Markus Fürst']",pop,"(46.6377269, 9.279877)"
18700,None,EventsCh,None,Ennetbürgen,NW,Bürgenstock-Momente,2014-12-14,"['Nils Mönkemeyer', 'Sabine Erdmann', 'Klaus-Dieter Brandt']",orchestral,"(46.9851573, 8.413513)"
18800,None,EventsCh,None,Basel,BS,Radio-Osaka-Meets-Oliver-Pellet-Quartet,2014-12-18,"['Andi Czech', 'Stephan Thelen', 'Christian Kuntner', 'Benno Kaiser', 'Or Pellet', 'Roberto Koch', 'Johannes Gutfleisch']",,"(47.5595986, 7.5885761)"
18900,None,EventsCh,None,Zürich,ZH,Weihnachts-Sinfoniekonzert,2014-12-21,['Sergej Nakariakov'],orchestral,"(47.3768866, 8.541694)"
19000,None,EventsCh,None,Langenthal,BE,Silvesterkonzert-Edith-Piaf,2014-12-31,['Madeleine Lienhard'],pop,"(47.2120786, 7.7905623)"
19100,None,EventsCh,None,Zürich,ZH,Werner-und-Company,2015-01-09,['Werner und Company'],pop,"(47.3768866, 8.541694)"
19200,None,EventsCh,None,Basel,BS,Dialog,2015-01-12,['Edicson Ruiz'],orchestral,"(47.5595986, 7.5885761)"
19300,None,EventsCh,None,Wil,SG,Silla,2015-01-17,['Silla'],unknown,"(47.4635617, 9.0479097)"
19400,None,EventsCh,None,Thun,BE,Tinu-Heiniger,2015-01-21,['Tinu Heiniger'],pop,"(46.7579868, 7.6279881)"
19500,None,EventsCh,None,Bern,BE,Anton-Sword-&-The-We-Ours,2015-01-24,['Anton Sword & The We Ours'],,"(46.9479739, 7.4474468)"
19600,None,EventsCh,None,Basel,BS,Mears-Su-Terzic-Moret,2015-01-28,"['Nat Su', 'Adrian Mears', 'Patrice Moret', 'Dejan Terzic']",,"(47.5595986, 7.5885761)"
19700,None,EventsCh,None,Basel,BS,Hell-&-dunkel,2015-02-01,"['Thomas Zehetmair', 'Ruth Killius']",orchestral,"(47.5595986, 7.5885761)"
19800,None,EventsCh,None,Baden,AG,One-of-a-Million,2015-02-05,['Berthold Seliger'],,"(47.47288, 8.30809)"
19900,None,EventsCh,None,Zürich,ZH,Great-Black-Waters,2015-02-07,['Great Black Waters'],,"(47.3768866, 8.541694)"
20000,None,EventsCh,None,None,None,Painting-Jazz,2015-02-13,"['Sandy Patton', 'Thomas Dürst']",,"(46.6377269, 9.279877)"
20100,None,EventsCh,None,Basel,BS,Bänz-Oester-&-The-Rainmakers,2015-02-18,"['Ganesh Geymeier', 'Afrika Mkhize', 'Bänz Oester', 'Ayanda Sikade']",,"(47.5595986, 7.5885761)"
20200,None,EventsCh,None,Lucerne,LU,A-Tribute-to-Hank-Mobley-&-Grant-Green,2015-02-22,"['Eric Alexander', 'Helmut Kagerer', 'Olivier Hutman', 'Viktor Nyberg', 'Bernd Reiter']",jazz,"(47.0501682, 8.3093072)"
20300,None,EventsCh,None,St Gallen,SG,Mirel-Wagner,2015-02-27,['Mirel Wagner'],pop,"(47.4244818, 9.3767173)"
20400,None,EventsCh,None,Lucerne,LU,Christoph-Stiefel's-Isorhythm-Orchestra,2015-03-03,"['Sarah Buechi', 'Matthieu Michel', 'Adrian Mears', 'Domenic Landolf', 'Christoph Stiefel']",,"(47.0501682, 8.3093072)"
20500,None,EventsCh,None,Bern,BE,Rabe-Fest,2015-03-06,['Asian Dub Foundation Soundsystem'],asian,"(46.9479739, 7.4474468)"
20600,None,EventsCh,None,Lausanne,VD,Saint-Motel,2015-03-09,['Saint Motel'],pop,"(46.5196535, 6.6322734)"
20700,None,EventsCh,None,Basel,BS,Cojazz-feat.-Ann-Malcom,2015-03-13,"['Ann Malcolm', 'Andy Scherrer', 'Stephan Kurmann', 'Jorge Rossy']",electronic,"(47.5595986, 7.5885761)"
20800,None,EventsCh,None,Basel,BS,Trabant,2015-03-15,"['Christoph Bösch', 'Toshiko Sakakibara', 'Max Asselborn', 'Michael Büttler']",orchestral,"(47.5595986, 7.5885761)"
20900,None,EventsCh,None,Zürich,ZH,Orchester-le-Phénix,2015-03-20,['Giora Feidman'],r&b and soul,"(47.3768866, 8.541694)"
21000,None,EventsCh,None,Thun,BE,Sinfoniekonzert,2015-03-22,['Jonas Tschanz'],orchestral,"(46.7579868, 7.6279881)"
21100,None,EventsCh,None,Basel,BS,Horizont-Mozart,2015-03-27,"['Felix Renggli', 'Heinz Holliger', 'Esther Hoppe', 'Jürg Dähler', 'Daniel Haefliger']",orchestral,"(47.5595986, 7.5885761)"
21200,None,EventsCh,None,Zürich,ZH,Festivitäten-I,2015-03-29,['Peter Vögeli'],orchestral,"(47.3768866, 8.541694)"
21300,None,EventsCh,None,Bern,BE,Souls-Revival,2015-04-02,"['Souls Revival', 'Gianni Pontillo', 'Stefan Schroff', 'Luca Leombruni', 'Flavio Mezzodi']",,"(46.9479739, 7.4474468)"
21400,None,EventsCh,None,Zürich,ZH,Konzert,2015-04-07,['Irina Georgieva'],orchestral,"(47.3768866, 8.541694)"
21500,None,EventsCh,None,Winterthur,ZH,Junge-Solisten,2015-04-11,"['Beatriz Blanco', 'Alexander Boldachev']",orchestral,"(47.4988196, 8.7236889)"
21600,None,EventsCh,None,Basel,BS,Mimiko-Ay,2015-04-15,['Tamar Halperin'],orchestral,"(47.5595986, 7.5885761)"
21700,None,EventsCh,None,Zürich,ZH,Moscow-Art-Trio,2015-04-17,"['Arkady Shilkloper', 'Sergey Starostin', 'Misha Alperin', 'Sonia Borisova']",rock,"(47.3768866, 8.541694)"
21800,None,EventsCh,None,Zürich,ZH,Danksonntag,2015-04-19,"['Fabian Gubser', 'Felix Gubser']",orchestral,"(47.3768866, 8.541694)"
21900,None,EventsCh,None,Zürich,ZH,Triple-T,2015-04-23,"['Benni Kammerer', 'Cato Nordby', 'Stepe Diener', 'Chrigu Müller']",,"(47.3768866, 8.541694)"
22000,None,EventsCh,None,Vevey,VD,Black-Milk,2015-04-25,"['Black Milk & The Nat Turner', 'Aaron Abernathy']",,"(46.4628333, 6.8419192)"
22100,None,EventsCh,None,Lucerne,LU,Electric-Force,2015-04-30,"['Mathieu Friz', 'Simon Boss', 'Rafael Scheiwiller', 'Nici Struchen']",electronic,"(47.0501682, 8.3093072)"
22200,None,EventsCh,None,Bern,BE,King-Pepe-&-Le-Rex,2015-05-03,"['Benedikt Reising', 'Marc Stucki', 'Andreas Tschopp', 'Marc Unternährer', 'Rico Baumann', 'Pepe']",latin,"(46.9479739, 7.4474468)"
22300,None,EventsCh,None,Zürich,ZH,Rangleklods,2015-05-07,['Rangleklods'],pop,"(47.3768866, 8.541694)"
22400,None,EventsCh,None,Basel,BS,Goldberg-Variationen,2015-05-09,['Gérard Wyss'],orchestral,"(47.5595986, 7.5885761)"
22500,None,EventsCh,None,Basel,BS,Mimiko-Lobet-Gott-in-seinen-Reichen,2015-05-13,"['Françoise Matile', 'Jenny Högström', 'Stefan Kahle', 'Akinobu Ono', 'Valerio Zanolli']",orchestral,"(47.5595986, 7.5885761)"
22600,None,EventsCh,None,Liebefeld,BE,Grégoire-Maret-Quartet,2015-05-15,"['Grégoire Maret', 'Jon Cowherd', 'Robert Kubiszyn', 'Kendrick Scott']",jazz,"(46.933331, 7.416668)"
22700,None,EventsCh,None,Bern,BE,Konzert,2015-05-21,['Heidrun Wirth-Metzler'],orchestral,"(46.9479739, 7.4474468)"
22800,None,EventsCh,None,Lucerne,LU,The-Retro-Festival,2015-05-23,['Mike & the Mechanics'],rock,"(47.0501682, 8.3093072)"
22900,None,EventsCh,None,Basel,BS,Withered-Hand,2015-05-27,"['Withered Hand', 'Woodpigeon']",rock,"(47.5595986, 7.5885761)"
23000,None,EventsCh,None,Lausanne,VD,Kill-Your-Idols,2015-05-29,['C.A.R'],pop,"(46.5196535, 6.6322734)"
23100,None,EventsCh,None,Basel,BS,Masterrezital,2015-06-01,['Martina Anselmo'],orchestral,"(47.5595986, 7.5885761)"
23200,None,EventsCh,None,Zürich,ZH,Kammermusik-Konzert,2015-06-05,"['Saskia Hein', 'Mihai Cocea', 'Sara Franchini']",orchestral,"(47.3768866, 8.541694)"
23300,None,EventsCh,None,Zürich,ZH,Soul-Music,2015-06-08,['David Kilowsky'],pop,"(47.3768866, 8.541694)"
23400,None,EventsCh,None,Dietikon,ZH,Feierabendmusik-in-der-Kirche,2015-06-12,['Bernhard Hörler'],orchestral,"(47.4053885, 8.39977)"
23500,None,EventsCh,None,Winterthur,ZH,Trio-Todo-Tango,2015-06-14,"['Sven Angelo Mindeci', 'Jojo Kunz', 'Urs Stirnimann']",,"(47.4988196, 8.7236889)"
23600,None,EventsCh,None,Basel,BS,Masterrezital,2015-06-19,['Céline Pasche'],orchestral,"(47.5595986, 7.5885761)"
23700,None,EventsCh,None,Winterthur,ZH,Ghost-Town-Trio-feat.-Hendrix-Ackle,2015-06-24,"['Hendrix Ackle', 'Urs Vögeli', 'Claude Meier', 'Emanuel Künzi']",,"(47.4988196, 8.7236889)"
23800,None,EventsCh,None,Boswil,AG,Boswil,2015-06-28,"['Esther Hoppe', 'Jürg Dähler', 'Benjamin Schmid', 'Ariane Haering']",orchestral,"(47.302973, 8.320458)"
23900,None,EventsCh,None,Stansstad,NW,Gästival,2015-07-02,"['Franziska Brücker', 'Simon Borer', 'Anna Trauffer', 'Emanuel Küenzi', 'Christoph Utzinger']",,"(46.977594, 8.3374207)"
24000,None,EventsCh,None,None,None,Cloud-Rat,2015-07-07,['Cloud Rat'],rock,"(46.6377269, 9.279877)"
24100,None,EventsCh,None,Zürich,ZH,Werner-und-Company,2015-07-13,['Werner und Company'],pop,"(47.3768866, 8.541694)"
24200,None,EventsCh,None,Lucerne,LU,Blue-Balls-Festival,2015-07-18,"['Zaz', 'Paul & Gabriel']",pop,"(47.0501682, 8.3093072)"
24300,None,EventsCh,None,Pratteln,BL,Sabaton,2015-07-24,"['Sabaton', 'Serenity', 'Brainstorm', 'Serious Black']",rock,"(47.5183198, 7.6919889)"
24400,None,EventsCh,None,Basel,BS,Roche'n'Jazz,2015-07-31,"['Alex Hendriksen', 'Fabian Gisler']",,"(47.5595986, 7.5885761)"
24500,None,EventsCh,None,Ernen,VS,Musikdorf-Ernen-Kammermusik-Plus,2015-08-09,"['Klaus Dickbauer', 'Benny Omerszell', 'Arnulf Ballhorn', 'works by Johannes Dickbauer']",orchestral,"(46.3985001, 8.1457733)"
24600,None,EventsCh,None,Zürich,ZH,Klänge-zum-Aufsehen,2015-08-18,['Andreas Jost'],orchestral,"(47.3768866, 8.541694)"
24700,None,EventsCh,None,Zumikon,ZH,Sommerkonzert,2015-08-23,"['René Oswald', 'Martin Rabensteiner']",orchestral,"(47.3298953, 8.623969)"
24800,None,EventsCh,None,Basel,BS,Barock-Jazz-Spiegelungen,2015-08-29,"['Dirk Börner', 'Matthieu Camilleri', 'Andreas Böhlen']",,"(47.5595986, 7.5885761)"
24900,None,EventsCh,None,Lausanne,VD,Dean-Blunt,2015-09-04,"['Dean Blunt', 'DJs Lee Gamble']",electronic,"(46.5196535, 6.6322734)"
25000,None,EventsCh,None,Baden,AG,After-Work,2015-09-10,['Nicole Johänntgen'],pop,"(47.47288, 8.30809)"
25100,None,EventsCh,None,Ettingen,BL,Russische-Philharmonie-St.-Petersburg,2015-09-13,['Indira Koch'],orchestral,"(47.4819119, 7.5448507)"
25200,None,EventsCh,None,Baden,AG,Pezzo-&-Bullet-Proof,2015-09-18,"['Pezzo', 'Clemens Schepperle', 'Christoph Schepperle']",electronic,"(47.47288, 8.30809)"
25300,None,EventsCh,None,Lausanne,VD,Marc-Almond,2015-09-20,['Marc Almond'],pop,"(46.5196535, 6.6322734)"
25400,None,EventsCh,None,Lyss,BE,The-Delta-Saints,2015-09-25,['The Delta Saints'],blues,"(47.0746504, 7.3077022)"
25500,None,EventsCh,None,Zürich,ZH,Monte-Carlo,2015-09-28,['Monte Carlo'],latin,"(47.3768866, 8.541694)"
25600,None,EventsCh,None,Bern,BE,Yokko,2015-10-02,['Kensington'],country,"(46.9479739, 7.4474468)"
25700,None,EventsCh,None,Zürich,ZH,Family-of-the-Year,2015-10-07,['Family of the Year'],pop,"(47.3768866, 8.541694)"
25800,None,EventsCh,None,Basel,BS,Les-Voix-Humaines-Die-Blütezeit-der-Gambe-in-Frankreich,2015-10-10,"['Jane Achtman', 'Irene Klein']",unknown,"(47.5595986, 7.5885761)"
25900,None,EventsCh,None,Lucerne,LU,Der-Ring-ohne-Worte,2015-10-15,['Nelson Freiere'],orchestral,"(47.0501682, 8.3093072)"
26000,None,EventsCh,None,Zug,ZG,The-Outside-Track,2015-10-17,['The Outside Track'],folk,"(47.1661672, 8.5154946)"
26100,None,EventsCh,None,Winterthur,ZH,Ghost-Town-Trio-feat.-Franziska-Brücker,2015-10-21,"['Franziska Brücker', 'Urs Vögeli', 'Claude Meier', 'Lukas Mantel']",,"(47.4988196, 8.7236889)"
26200,None,EventsCh,None,Zürich,ZH,Zermatt-Unplugged-Kaufleuten,2015-10-23,['Band of Horses'],pop,"(47.3768866, 8.541694)"
26300,None,EventsCh,None,Baden,AG,Bänz-Oester-&-The-Rainmakers,2015-10-26,"['Ganesh Geymeier', 'Afrika Mkhize', 'Ayanda Sikade', 'Bänz Oester']",,"(47.47288, 8.30809)"
26400,None,EventsCh,None,Zürich,ZH,Weird-Omen,2015-10-29,['Weird Omen'],,"(47.3768866, 8.541694)"
26500,None,EventsCh,None,Zürich,ZH,Messer-Chups-&-Zombirella,2015-10-31,['Messer Chups & Zombirella'],electronic,"(47.3768866, 8.541694)"
26600,None,EventsCh,None,Zürich,ZH,Melissa-Aldana-feat.-Pablo-Menares-&-Jochen-Rueckert,2015-11-03,"['Melissa Aldana', 'Pablo Menares', 'Jochen Rueckert']",,"(47.3768866, 8.541694)"
26700,None,EventsCh,None,Bern,BE,Oli-Kehrli,2015-11-06,['Oli Kehrli'],pop,"(46.9479739, 7.4474468)"
26800,None,EventsCh,None,Basel,BS,Gospelchor-In-His-Hands,2015-11-08,"['Petter U. Johansen', 'Adam Taubitz', 'Costi Topalidis', 'Felix Klaus', 'Lluis Ribalta']",pop,"(47.5595986, 7.5885761)"
26900,None,EventsCh,None,Zürich,ZH,Gletscher-Fezzer,2015-11-12,['Gletscher Fezzer'],,"(47.3768866, 8.541694)"
27000,None,EventsCh,None,Sarnen,OW,Walt's-Blues-Box-feat.-Sam-Burckhardt,2015-11-14,"['Walter Baumgartner', '', 'Elias Bernet', '', '', 'Bernhard Egger', 'Joel Allison', 'Sam Burckhardt', '']",african,"(46.8959313, 8.2456758)"
27100,None,EventsCh,None,Basel,BS,Vocal-Jazz-Night,2015-11-17,"['Cecile Mc Lorin Salvant Quintet', 'Cécile McLorin Salvant', 'Aaron Diehl', 'Paul Sikivie', 'Lawrence Leathers']",jazz,"(47.5595986, 7.5885761)"
27200,None,EventsCh,None,Zürich,ZH,Idan-Raichel,2015-11-20,"['Idan Raichel', 'Idan Raichel', 'Maya Avraham', 'Avi Wogderess Vasa', 'Yogev Glusman', 'Marc Kakon']",rock,"(47.3768866, 8.541694)"
27300,None,EventsCh,None,Zürich,ZH,Jugend-Sinfonieorchester-Zürich,2015-11-22,['Alexander Neustroev'],orchestral,"(47.3768866, 8.541694)"
27400,None,EventsCh,None,Bern,BE,Adhd,2015-11-25,['Adhd'],rock,"(46.9479739, 7.4474468)"
27500,None,EventsCh,None,Basel,BS,Modernity,2015-11-28,"['Laia Masramon', 'Pablo Kornfeld']",orchestral,"(47.5595986, 7.5885761)"
27600,None,EventsCh,None,Zürich,ZH,Bane,2015-12-01,"['Bane', 'Backtrack', 'Tausend Löwen unter Feinden']",electronic,"(47.3768866, 8.541694)"
27700,None,EventsCh,None,Zürich,ZH,Latin-Touch,2015-12-04,['dance animation by Alexander Martinez'],,"(47.3768866, 8.541694)"
27800,None,EventsCh,None,Zürich,ZH,John-Garcia,2015-12-08,"['John Garcia', 'Bellhound Choir']",rock,"(47.3768866, 8.541694)"
27900,None,EventsCh,None,Lucerne,LU,Christmas-Love,2015-12-12,"['Marc Storace', 'Jonas Gross']",rock,"(47.0501682, 8.3093072)"
28000,None,EventsCh,None,Zürich,ZH,Jazzbaragge-Wednesday-Jam,2015-12-16,"['Florian Favre', 'Manu Hagmann', 'David Meier']",,"(47.3768866, 8.541694)"
28100,None,EventsCh,None,Lugano,TI,I-barocchisti,2015-12-20,['Maurice Steger'],orchestral,"(46.0036778, 8.951052)"
28200,None,EventsCh,None,Thun,BE,Neujahrskonzert,2016-01-01,"['Leticia Kahraman', 'Marysol Schalit', 'Mikheil Sheshaberidze']",orchestral,"(46.7579868, 7.6279881)"
28300,None,EventsCh,None,Basel,BS,Ramai,2016-01-09,"['Christoph Bösch', 'Pilar Fontalba', 'Toshiko Sakakibara']",orchestral,"(47.5595986, 7.5885761)"
28400,None,EventsCh,None,None,None,Drumsights,2016-01-15,"['Pierre Favre', 'Chris Jaeger', 'Markus Lauterburg', 'Valeria Zangger']",latin,"(46.6377269, 9.279877)"
28500,None,EventsCh,None,Basel,BS,Quintero's-Descarga,2016-01-20,"['Yosvany Quintero', 'Gabriel Walter', 'Hannes Fankhauser', 'Benjamin Brodbeck']",,"(47.5595986, 7.5885761)"
28600,None,EventsCh,None,Zürich,ZH,Italienische-Bläserklänge,2016-01-24,"['Haika Lübcke', 'Martin Frutiger', 'Florian Walser', 'Diego Baroni', 'Michael von Schönermark']",orchestral,"(47.3768866, 8.541694)"
28700,None,EventsCh,None,Winterthur,ZH,Silvan-Schmid-Trio,2016-01-29,"['Silvan Schmid', 'Xaver Rüegg', 'Vincent Glanzmann']",,"(47.4988196, 8.7236889)"
28800,None,EventsCh,None,Zürich,ZH,Klassische-Vielsaitigkeit,2016-02-01,"['Selina Cuonz', 'Marija Wüthrich-Savicevic', 'Master-Abschlussrezital Florin Grüter']",orchestral,"(47.3768866, 8.541694)"
28900,None,EventsCh,None,Bern,BE,Freitagnacht,2016-02-05,['Bacchus'],latin,"(46.9479739, 7.4474468)"
29000,None,EventsCh,None,Liebefeld,BE,Vidmar-676,2016-02-11,"['Daniel Zisman', 'Sebastien Fulgido']",,"(46.933331, 7.416668)"
29100,None,EventsCh,None,Zürich,ZH,Joe-Jackson,2016-02-16,['Joe Jackson'],rock,"(47.3768866, 8.541694)"
29200,None,EventsCh,None,Zürich,ZH,Neck-Deep,2016-02-20,"['Neck Deep', 'Creeper', 'WSTR']",rock,"(47.3768866, 8.541694)"
29300,None,EventsCh,None,Zürich,ZH,Ellingtonality,2016-02-25,"['Christoph Grab', ""Alessandro d'Episcopo"", 'Haemi Haemmerli', 'Elmar Frey']",,"(47.3768866, 8.541694)"
29400,None,EventsCh,None,Zürich,ZH,King-Gizzard-&-The-Lizard-Wizard,2016-03-01,['King Gizzard & The Lizard Wizard'],rock,"(47.3768866, 8.541694)"
29500,None,EventsCh,None,Zürich,ZH,Tracer,2016-03-05,['Tracer'],rock,"(47.3768866, 8.541694)"
29600,None,EventsCh,None,Basel,BS,Druckmittel,2016-03-08,"['Toni Bechtold', 'David Heizmann', 'Louis Laury', 'Valentin von Fischer', 'Florian Hoesl']",,"(47.5595986, 7.5885761)"
29700,None,EventsCh,None,Winterthur,ZH,Trödelmarkt-der-Träume,2016-03-12,"['Alexander Seidel', 'Andrea Wiesli']",orchestral,"(47.4988196, 8.7236889)"
29800,None,EventsCh,None,Düdingen,FR,Scott-Matthews,2016-03-15,['Scott Matthews'],folk,"(46.8464198, 7.1910179)"
29900,None,EventsCh,None,Baden,AG,Go-Go-Berlin,2016-03-18,['Go Go Berlin'],rock,"(47.47288, 8.30809)"
30000,None,EventsCh,None,Basel,BS,Baselworld-Village,2016-03-20,['Bê Betina Ignacio'],,"(47.5595986, 7.5885761)"
30100,None,EventsCh,None,Zürich,ZH,Matthäus-Passion,2016-03-25,"['Agata Wilewska', 'Charlotte Quadt', 'Thomas Michael Allen', 'Martin Hässler', 'Werner Van Mechelen']",orchestral,"(47.3768866, 8.541694)"
30200,None,EventsCh,None,Zürich,ZH,Thursday-Night-Jazz,2016-03-31,"['Rebecca Spiteri', 'Jürg Ramspeck', 'Joel Reiff', 'Rolf Lyssy']",,"(47.3768866, 8.541694)"
30300,None,EventsCh,None,None,None,Podium-Junge-Musikerinnen-und-Musiker,2016-04-03,"['Elena González', 'Ai Yamamura']",orchestral,"(46.6377269, 9.279877)"
30400,None,EventsCh,None,Winterthur,ZH,Årabrot,2016-04-07,['Årabrot'],rock,"(47.4988196, 8.7236889)"
30500,None,EventsCh,None,Basel,BS,Impro-Duo,2016-04-09,"['Dominik Schürmann', 'Samuel Dühsler']",,"(47.5595986, 7.5885761)"
30600,None,EventsCh,None,Zürich,ZH,Hier-Spricht-Paul-Trio,2016-04-13,"['Andrea Nydegger', 'Michael Baumann', 'Jonas Brügger']",pop,"(47.3768866, 8.541694)"
30700,None,EventsCh,None,Basel,BS,Glorious,2016-04-16,['Thilo Muster'],orchestral,"(47.5595986, 7.5885761)"
30800,None,EventsCh,None,Lucerne,LU,Doppelkonzert,2016-04-20,"['Vilde Frang', 'Truls Mork']",orchestral,"(47.0501682, 8.3093072)"
30900,None,EventsCh,None,Liestal,BL,Severin-Jenny,2016-04-23,"['Severin Jenny', 'Stefan Gabele']",,"(47.4866143, 7.7334272)"
31000,None,EventsCh,None,Zürich,ZH,Antonín-Dvorák,2016-04-28,"['Emanuele Jannibelli', 'Flurin Cuonz']",orchestral,"(47.3768866, 8.541694)"
31100,None,EventsCh,None,None,None,Nachtzug-Oper,2016-04-30,['Stéphane Fromageot'],orchestral,"(46.6377269, 9.279877)"
31200,None,EventsCh,None,Basel,BS,Orgelspiel-zum-Feierabend,2016-05-06,['Christoph Kaufmann'],orchestral,"(47.5595986, 7.5885761)"
31300,None,EventsCh,None,Dübendorf,ZH,Singer's-Tale,2016-05-09,"['Bruno Jundt', 'Levin Deger', 'Andrea Grimm']",pop,"(47.3971476, 8.6180128)"
31400,None,EventsCh,None,Zürich,ZH,Trio-Heinz-Herbert,2016-05-13,"['Dominic Landolt', 'Ramon Landolt', 'Mario Hänni']",,"(47.3768866, 8.541694)"
31500,None,EventsCh,None,Basel,BS,Altstadt-Serenaden-2016,2016-05-18,['Giorgia Milanesi'],orchestral,"(47.5595986, 7.5885761)"
31600,None,EventsCh,None,Bern,BE,Internationales-Jazzfestival-Bern,2016-05-21,"['John Michael Bradford', 'Isaiah Thompson', 'Daniel Winshall', 'Jared Silverstein']",,"(46.9479739, 7.4474468)"
31700,None,EventsCh,None,Basel,BS,Mimiko-Sevilla,2016-05-25,['Marco Bartoli'],orchestral,"(47.5595986, 7.5885761)"
31800,None,EventsCh,None,None,None,N.I.K.O.,2016-05-27,['N.I.K.O'],,"(46.6377269, 9.279877)"
31900,None,EventsCh,None,Lucerne,LU,Master-Abschlusskonzerte,2016-05-31,"['Paticia Samaniego', 'Cinzia Catania']",,"(47.0501682, 8.3093072)"
32000,None,EventsCh,None,Pully,VD,Festival-Pully-Lavaux-à-l'heure-du-Québec,2016-06-04,['Dylan Perron et Élixir de Gumbo'],,"(46.5092681, 6.6654949)"
32100,None,EventsCh,None,Zürich,ZH,Alice-Phoebe-Lou,2016-06-08,['Alice Phoebe Lou'],pop,"(47.3768866, 8.541694)"
32200,None,EventsCh,None,Winterthur,ZH,Nah-am-Wasser,2016-06-12,"['Mélanie Adami', 'Åsa Dornbusch', 'Rahel Sohn']",orchestral,"(47.4988196, 8.7236889)"
32300,None,EventsCh,None,Zürich,ZH,Festspiele-Zürich-Harley-Davidson,2016-06-18,"['Ingvo Clauder', 'Sabine Ercklentz']",orchestral,"(47.3768866, 8.541694)"
32400,None,EventsCh,None,Interlaken,BE,Trucker-&-Country-Festival-Interlaken,2016-06-24,['Keith Sterling Brewer Band'],,"(46.6863481, 7.8632049)"
32500,None,EventsCh,None,Lucerne,LU,Master-Abschlusskonzerte,2016-06-29,['Alexandre Beuchat'],orchestral,"(47.0501682, 8.3093072)"
32600,None,EventsCh,None,Frauenfeld,TG,Openair-Frauenfeld,2016-07-07,"['Cunninlynguists', 'Coely', 'Frauenarzt', 'Audio 88 & Yassin']",electronic,"(47.5535997, 8.8987541)"
32700,None,EventsCh,None,Saanen,BE,Musique-&-Famille-I-Sisters-I,2016-07-14,"['Katia Labèque', 'Marielle Labèque']",latin,"(46.4741066, 7.2854921)"
32800,None,EventsCh,None,Lucerne,LU,Blue-Balls-Festival,2016-07-22,['Frances'],pop,"(47.0501682, 8.3093072)"
32900,None,EventsCh,None,St Moritz,GR,Festival-da-Jazz,2016-07-28,"['Bê Ignacio', 'Bê Ignacio', 'Or Pellet Santos', 'Edmundo Carneiro', 'Markus Schmidt']",pop,"(46.4907973, 9.8355079)"
33000,None,EventsCh,None,Pratteln,BL,River-Nights,2016-08-05,"['Selah Sue', 'Marlon Roudette', 'Candy Dulfer']",caribbean and caribbean-influenced,"(47.5183198, 7.6919889)"
33100,None,EventsCh,None,None,None,Die-Steinkönigin,2016-08-14,"['Silvia Jost', 'Kathrin Hartmann']",orchestral,"(46.6377269, 9.279877)"
33200,None,EventsCh,None,Lucerne,LU,Lucerne-Festival-Erlebnistag-Konzert-5,2016-08-21,['Yulianna Avdeeva'],orchestral,"(47.0501682, 8.3093072)"
33300,None,EventsCh,None,Zürich,ZH,Panflöten-Sommerkonzert,2016-08-28,['Taras Berchtold'],orchestral,"(47.3768866, 8.541694)"
33400,None,EventsCh,None,Saanen,BE,Happy-Happy-Birthday-Yehudi,2016-09-03,"['Roby Lakatos', 'Gilles Apap', 'Valery Sokolov', 'Volker Biesenbender']",orchestral,"(46.4717588, 7.2865728)"
33500,None,EventsCh,None,Zürich,ZH,Luigi-Archett-&-Bo-Wiget,2016-09-09,"['Luigi Archetti', 'Bo Wiget']",electronic,"(47.3768866, 8.541694)"
33600,None,EventsCh,None,Winterthur,ZH,Saisoneröffnung,2016-09-15,['Heinz Holliger'],orchestral,"(47.4988196, 8.7236889)"
33700,None,EventsCh,None,Bern,BE,Puerta-Sur,2016-09-18,['Puerta Sur'],,"(46.9479739, 7.4474468)"
33800,None,EventsCh,None,Basel,BS,Orgelgschicht-am-Matthäusmarkt,2016-09-24,['Françoise Matile'],orchestral,"(47.5595986, 7.5885761)"
33900,None,EventsCh,None,Zürich,ZH,Straymonk,2016-09-28,"['Nat Su', 'Gabriel Dalvit', 'Dominique Girod', 'Jonas Ruther']",electronic,"(47.3768866, 8.541694)"
34000,None,EventsCh,None,Thun,BE,Blackout-Problems,2016-10-01,['Blackout Problems'],,"(46.7579868, 7.6279881)"
34100,None,EventsCh,None,Zürich,ZH,Yak,2016-10-06,['Yak'],rock,"(47.3768866, 8.541694)"
34200,None,EventsCh,None,Zürich,ZH,Wintersleep,2016-10-10,['Wintersleep'],rock,"(47.3768866, 8.541694)"
34300,None,EventsCh,None,Bad Ragaz,SG,Music-Connects,2016-10-15,"['Andrei Ionita', 'Yury Revich', 'Petrit Ceku']",orchestral,"(47.0034141, 9.5011062)"
34400,None,EventsCh,None,Zürich,ZH,Jazzbaragge-Wednesday-Jam,2016-10-19,"['Gauthier Toux', 'Kenneth Dahl Knudsen', 'Maxence Sibille']",,"(47.3768866, 8.541694)"
34500,None,EventsCh,None,Wetzikon,ZH,Untrue-The-Band,2016-10-22,"['Norbert Brasser', 'Jürg Maag']",,"(47.3270602, 8.801356)"
34600,None,EventsCh,None,Zürich,ZH,Nicolas-Stocker,2016-10-26,"['Nicolas Stocker', 'Raphael Loher', 'Urs Müller']",,"(47.3768866, 8.541694)"
34700,None,EventsCh,None,Basel,BS,Musikaalischi-Mässmögge,2016-10-29,['Ursula Hauser'],,"(47.5595986, 7.5885761)"
34800,None,EventsCh,None,Zürich,ZH,Jamie-Lidell,2016-11-01,['Jamie Lidell'],r&b and soul,"(47.3768866, 8.541694)"
34900,None,EventsCh,None,Zürich,ZH,Negura-Bunget,2016-11-04,"['Negura Bunget', 'Ossific']",rock,"(47.3768866, 8.541694)"
35000,None,EventsCh,None,Lausanne,VD,Civil-Civic,2016-11-06,['Civil Civic'],avant-garde,"(46.5196535, 6.6322734)"
35100,None,EventsCh,None,Dübendorf,ZH,Peter-Schärli-Trio-feat.-Glenn-Ferris,2016-11-11,"['Peter Schärli', 'Glenn Ferris', 'Hans-Peter Pfammatter', 'Thomas Dürst']",jazz,"(47.3971476, 8.6180128)"
35200,None,EventsCh,None,Zürich,ZH,Orchestermagie,2016-11-14,['Kristian Bezuidenhout'],orchestral,"(47.3768866, 8.541694)"
35300,None,EventsCh,None,Winterthur,ZH,Midi-musical,2016-11-18,"['Mija Läuchli', 'Pär Näsbom', 'Serafina Rufer', 'Florian Läuchli']",orchestral,"(47.4988196, 8.7236889)"
35400,None,EventsCh,None,Zürich,ZH,Kammermusik,2016-11-20,"['Asa Konishi Jankowska', 'Silviya Savova-Hartkamp', 'Frauke Tometten Molino', 'Albert Hartkamp', 'Suguru Ito']",orchestral,"(47.3768866, 8.541694)"
35500,None,EventsCh,None,Lucerne,LU,Psychedelic-Mountain,2016-11-23,"['Christoph Merki', 'Daniel Schenker', 'Ramon Ziegler', 'Lars Carl Schmid', 'Mario von Holten', 'Stephan Athanas', 'Tony Renold']",,"(47.0501682, 8.3093072)"
35600,None,EventsCh,None,Zürich,ZH,Ziggy-Zaggy-&-The-Disco-Popes,2016-11-26,"['Ziggy Tschigi Moser', 'Roman Groner', 'Martin Günthardt', 'Chris Linder', 'Arturo Arglos']",pop,"(47.3768866, 8.541694)"
35700,None,EventsCh,None,Paris,Île-de-France,null,2016-11-30,['Filip Micha Saffray'],orchestral,"(48.8788648, 2.2831446)"
35800,None,EventsCh,None,Zürich,ZH,Marathon-der-Liebe-IOIC-Stummfilm-Festival,2016-12-03,"['Ménilmontant', ""Brumes d'automne""]",orchestral,"(47.3768866, 8.541694)"
35900,None,EventsCh,None,Basel,BS,Eduardo-Machado-Trio,2016-12-06,"['Eduardo Machado Trio', 'Gil Reis', 'Eduardo Machado', 'Fernando Rast']",unknown,"(47.5595986, 7.5885761)"
36000,None,EventsCh,None,Basel,BS,Trommelzauber,2016-12-10,"[""Magatte N'diaye""]",,"(47.5595986, 7.5885761)"
36100,None,EventsCh,None,Basel,BS,Mimiko-Lento-et-sostenuto,2016-12-14,['Alessio Pianelli'],orchestral,"(47.5595986, 7.5885761)"
36200,None,EventsCh,None,Lindau,BY,Adventskonzert,2016-12-17,['Emanuel Rütsche'],orchestral,"(47.5797815, 9.6789333)"
36300,None,EventsCh,None,Zürich,ZH,Werkstattkonzert,2016-12-23,"['Silcan Jeger', 'Silvan Schmid', 'Jonas Labhart', 'Gabriela Friedli', 'Sandra Weiss', 'Christian Weber']",electronic,"(47.3768866, 8.541694)"
36400,None,RDF,None,Nyon,VD,PALEO FESTIVAL,2006-07-18,[],,"(46.3832683, 6.2347852)"
36500,None,RDF,None,Geneva,GE,MUSIQUES EN ETE,2007-07-20,[],,"(46.2043907, 6.1431577)"
36600,None,RDF,None,Sierre,VS,SISMICS FESTIVAL,2008-05-23,[],,"(46.2941311, 7.5335362)"
36700,None,RDF,None,Geneva,GE,LES TRAVERSES MUSICALES,2009-02-26,[],,"(46.2043907, 6.1431577)"
36800,None,RDF,None,Montreux,VD,SEPTEMBRE MUSICAL,2009-08-28,[],,"(46.4312213, 6.9106799)"
36900,None,RDF,None,Bourg-en-Lavaux,VD,LAVAUX CLASSIQUE,2010-06-23,[],,"(46.4895985, 6.7290888)"
37000,None,RDF,None,Chambéry,Auvergne-Rhône-Alpes,TRANSVOISINES,2010-11-09,[],,"(45.564601, 5.917781)"
37100,None,RDF,None,Locarno,TI,MOON AND STARS,2011-07-14,[],,"(46.1669988, 8.7942643)"
37200,None,RDF,None,Troinex,GE,ANTIGEL,2012-02-06,[],,"(46.1640891, 6.1450701)"
37300,None,RDF,None,Puplinge,GE,PUPLINGE CLASSIQUE - YVOIRE CLASSIQUE,2012-07-26,[],,"(46.2105553, 6.2317139)"
37400,None,RDF,None,Geneva,GE,ANTIGEL,2013-01-29,[],,"(46.2043907, 6.1431577)"
37500,None,RDF,None,Geneva,GE,MUSIQUES EN ETE,2013-08-21,[],,"(46.2043907, 6.1431577)"
37600,None,RDF,None,Pully,VD,PULLY A L'HEURE DU QUEBEC,2014-06-11,[],,"(46.5092681, 6.6654949)"
37700,None,RDF,None,Lausanne,VD,JAZZ ONZE +,2014-10-31,[],,"(46.5196535, 6.6322734)"
37800,None,RDF,None,Geneva,GE,MUSIQUES EN ETE,2015-07-27,[],,"(46.2043907, 6.1431577)"
37900,None,RDF,None,Leysin,VD,WORLDWIDE FESTIVAL LEYSIN,2016-03-19,[],,"(46.3435634, 7.012033)"
38000,None,RDF,None,Carouge,GE,MURS DU SON A CAROUGE,2016-09-09,[],,"(46.1829674, 6.1378539)"
